kw,ID,公開URL,都道府県カテゴリ,区市町村カテゴリ,駅名,関連コンテンツ①,関連コンテンツ②,関連コンテンツ③
北海道,19,https://minnano-zeirishi.jp/article/19,北海道,,,https://minnano-zeirishi.jp/article/193,https://minnano-zeirishi.jp/article/194,https://minnano-zeirishi.jp/article/196
青森県,16,https://minnano-zeirishi.jp/article/16,青森県,,,,,
岩手県,17,https://minnano-zeirishi.jp/article/17,岩手県,,,,,
宮城県,21,https://minnano-zeirishi.jp/article/21,宮城県,,,,,
秋田県,18,https://minnano-zeirishi.jp/article/18,秋田県,,,,,
山形県,23,https://minnano-zeirishi.jp/article/23,山形県,,,,,
福島県,50,https://minnano-zeirishi.jp/article/50,福島県,,,,,
茨城県,59,https://minnano-zeirishi.jp/article/59,茨城県,,,,,
栃木県,58,https://minnano-zeirishi.jp/article/58,栃木県,,,,,
群馬県,30,https://minnano-zeirishi.jp/article/30,群馬県,,,,,
埼玉県,29,https://minnano-zeirishi.jp/article/29,埼玉県,,,,,
千葉県,28,https://minnano-zeirishi.jp/article/28,千葉県,,,,,
東京都,7,https://minnano-zeirishi.jp/article/7,東京都,,,,,
神奈川県,26,https://minnano-zeirishi.jp/article/26,神奈川県,,,,,
新潟県,34,https://minnano-zeirishi.jp/article/34,新潟県,,,,,
富山県,32,https://minnano-zeirishi.jp/article/32,富山県,,,,,
石川県,31,https://minnano-zeirishi.jp/article/31,石川県,,,,,
福井県,33,https://minnano-zeirishi.jp/article/33,福井県,,,,,
山梨県,35,https://minnano-zeirishi.jp/article/35,山梨県,,,,,
長野県,36,https://minnano-zeirishi.jp/article/36,長野県,,,,,
岐阜県,47,https://minnano-zeirishi.jp/article/47,岐阜県,,,,,
静岡県,37,https://minnano-zeirishi.jp/article/37,静岡県,,,,,
愛知県,48,https://minnano-zeirishi.jp/article/48,愛知県,,,,,
三重県,38,https://minnano-zeirishi.jp/article/38,三重県,,,,,
滋賀県,39,https://minnano-zeirishi.jp/article/39,滋賀県,,,,,
京都府,40,https://minnano-zeirishi.jp/article/40,京都府,,,,,
大阪府,41,https://minnano-zeirishi.jp/article/41,大阪府,,,,,
兵庫県,42,https://minnano-zeirishi.jp/article/42,兵庫県,,,,,
奈良県,44,https://minnano-zeirishi.jp/article/44,奈良県,,,,,
和歌山県,51,https://minnano-zeirishi.jp/article/51,和歌山県,,,,,
鳥取県,55,https://minnano-zeirishi.jp/article/55,鳥取県,,,,,
島根県,53,https://minnano-zeirishi.jp/article/53,島根県,,,,,
岡山県,45,https://minnano-zeirishi.jp/article/45,岡山県,,,,,
広島県,56,https://minnano-zeirishi.jp/article/56,広島県,,,,,
山口県,54,https://minnano-zeirishi.jp/article/54,山口県,,,,,
徳島県,60,https://minnano-zeirishi.jp/article/60,徳島県,,,,,
香川県,63,https://minnano-zeirishi.jp/article/63,香川県,,,,,
愛媛県,61,https://minnano-zeirishi.jp/article/61,愛媛県,,,,,
高知県,62,https://minnano-zeirishi.jp/article/62,高知県,,,,,
福岡県,77,https://minnano-zeirishi.jp/article/77,福岡県,,,,,
佐賀県,80,https://minnano-zeirishi.jp/article/80,佐賀県,,,,,
長崎県,81,https://minnano-zeirishi.jp/article/81,長崎県,,,,,
熊本県,82,https://minnano-zeirishi.jp/article/82,熊本県,,,,,
大分県,83,https://minnano-zeirishi.jp/article/83,大分県,,,,,
宮崎県,84,https://minnano-zeirishi.jp/article/84,宮崎県,,,,,
鹿児島県,85,https://minnano-zeirishi.jp/article/85,鹿児島県,,,,,
沖縄県,57,https://minnano-zeirishi.jp/article/57,沖縄県,,,,,
千代田区,10,https://minnano-zeirishi.jp/article/10,東京都,千代田区,,,,
中央区,11,https://minnano-zeirishi.jp/article/11,東京都,中央区,,,,
港区,12,https://minnano-zeirishi.jp/article/12,東京都,港区,,,,
新宿区,13,https://minnano-zeirishi.jp/article/13,東京都,新宿区,,,,
文京区,71,https://minnano-zeirishi.jp/article/71,東京都,文京区,,,,
台東区,75,https://minnano-zeirishi.jp/article/75,東京都,台東区,,,,
墨田区,24,https://minnano-zeirishi.jp/article/24,東京都,墨田区,,,,
江東区,68,https://minnano-zeirishi.jp/article/68,東京都,江東区,,,,
品川区,64,https://minnano-zeirishi.jp/article/64,東京都,品川区,,,,
目黒区,8,https://minnano-zeirishi.jp/article/8,東京都,目黒区,,,,
大田区,70,https://minnano-zeirishi.jp/article/70,東京都,大田区,,,,
世田谷区,74,https://minnano-zeirishi.jp/article/74,東京都,世田谷区,,,,
渋谷区,14,https://minnano-zeirishi.jp/article/14,東京都,渋谷区,,,,
中野区,65,https://minnano-zeirishi.jp/article/65,東京都,中野区,,,,
杉並区,73,https://minnano-zeirishi.jp/article/73,東京都,杉並区,,,,
豊島区,52,https://minnano-zeirishi.jp/article/52,東京都,豊島区,,,,
北区,15,https://minnano-zeirishi.jp/article/15,東京都,北区,,,,
荒川区,46,https://minnano-zeirishi.jp/article/46,東京都,荒川区,,,,
板橋区,66,https://minnano-zeirishi.jp/article/66,東京都,板橋区,,,,
練馬区,76,https://minnano-zeirishi.jp/article/76,東京都,練馬区,,,,
足立区,67,https://minnano-zeirishi.jp/article/67,東京都,足立区,,,,
葛飾区,25,https://minnano-zeirishi.jp/article/25,東京都,葛飾区,,,,
江戸川区,69,https://minnano-zeirishi.jp/article/69,東京都,江戸川区,,,,
八王子市,89,https://minnano-zeirishi.jp/article/89,東京都,八王子市,,,,
町田市,90,https://minnano-zeirishi.jp/article/90,東京都,町田市,,,,
立川市,91,https://minnano-zeirishi.jp/article/91,東京都,立川市,,,,
調布市,92,https://minnano-zeirishi.jp/article/92,東京都,調布市,,,,
府中市,93,https://minnano-zeirishi.jp/article/93,東京都,府中市,,,,
小平市,94,https://minnano-zeirishi.jp/article/94,東京都,小平市,,,,
国分寺市,95,https://minnano-zeirishi.jp/article/95,東京都,国分寺市,,,,
日野市,119,https://minnano-zeirishi.jp/article/119,東京都,日野市,,,,
三鷹駅,87,https://minnano-zeirishi.jp/article/87,東京都,三鷹市,三鷹駅,,,
高田馬場駅,88,https://minnano-zeirishi.jp/article/88,東京都,新宿区,高田馬場駅,,,
赤坂駅,96,https://minnano-zeirishi.jp/article/96,東京都,港区,赤坂駅,,,
赤羽駅,97,https://minnano-zeirishi.jp/article/97,東京都,北区,赤羽駅,,,
秋葉原駅,98,https://minnano-zeirishi.jp/article/98,東京都,千代田区,秋葉原駅,,,
飯田橋駅,99,https://minnano-zeirishi.jp/article/99,東京都,新宿区,飯田橋駅,,,
池袋駅,100,https://minnano-zeirishi.jp/article/100,東京都,豊島区,池袋駅,,,
市ヶ谷駅,101,https://minnano-zeirishi.jp/article/101,東京都,新宿区,市ヶ谷駅,,,
上野駅,102,https://minnano-zeirishi.jp/article/102,東京都,台東区,上野駅,,,
恵比寿駅,103,https://minnano-zeirishi.jp/article/103,東京都,渋谷区,恵比寿駅,,,
大森駅,105,https://minnano-zeirishi.jp/article/105,東京都,大田区,大森駅,,,
荻窪駅,106,https://minnano-zeirishi.jp/article/106,東京都,杉並区,荻窪駅,,,
表参道駅,108,https://minnano-zeirishi.jp/article/108,東京都,渋谷区,表参道駅,,,
神楽坂駅,109,https://minnano-zeirishi.jp/article/109,東京都,新宿区,神楽坂駅,,,
蒲田駅,110,https://minnano-zeirishi.jp/article/110,東京都,大田区,蒲田駅,,,
亀戸駅,111,https://minnano-zeirishi.jp/article/111,東京都,江東区,亀戸駅,,,
神田駅,112,https://minnano-zeirishi.jp/article/112,東京都,千代田区,神田駅,,,
銀座駅,113,https://minnano-zeirishi.jp/article/113,東京都,中央区,銀座駅,,,
五反田駅,114,https://minnano-zeirishi.jp/article/114,東京都,品川区,五反田駅,,,
自由が丘駅,115,https://minnano-zeirishi.jp/article/115,東京都,目黒区,自由が丘駅,,,
千駄木駅,116,https://minnano-zeirishi.jp/article/116,東京都,文京区,千駄木駅,,,
西新宿駅,117,https://minnano-zeirishi.jp/article/117,東京都,新宿区,西新宿駅,,,
日本橋駅,118,https://minnano-zeirishi.jp/article/118,東京都,中央区,日本橋駅,,,
用賀駅,120,https://minnano-zeirishi.jp/article/120,東京都,世田谷区,用賀駅,,,
代々木駅,121,https://minnano-zeirishi.jp/article/121,東京都,渋谷区,代々木駅,,,
吉祥寺駅,122,https://minnano-zeirishi.jp/article/122,東京都,武蔵野市,吉祥寺駅,,,
六本木駅,123,https://minnano-zeirishi.jp/article/123,東京都,渋谷区,六本木駅,,,
横浜,79,https://minnano-zeirishi.jp/article/79,神奈川県,横浜市,,,,
川崎,27,https://minnano-zeirishi.jp/article/27,神奈川県,川崎市,,,,
相模原,125,https://minnano-zeirishi.jp/article/125,神奈川県,相模原市,,,,
藤沢,126,https://minnano-zeirishi.jp/article/126,神奈川県,藤沢市,,,,
横須賀,127,https://minnano-zeirishi.jp/article/127,神奈川県,横須賀市,,,,
平塚,128,https://minnano-zeirishi.jp/article/128,神奈川県,平塚市,,,,
小田原,129,https://minnano-zeirishi.jp/article/129,神奈川県,小田原市,,,,
鎌倉,130,https://minnano-zeirishi.jp/article/130,神奈川県,鎌倉市,,,,
厚木,131,https://minnano-zeirishi.jp/article/131,神奈川県,厚木市,,,,
茅ヶ崎,132,https://minnano-zeirishi.jp/article/132,神奈川県,茅ヶ崎市,,,,
秦野,133,https://minnano-zeirishi.jp/article/133,神奈川県,秦野市,,,,
大宮,49,https://minnano-zeirishi.jp/article/49,埼玉県,大宮市,,,,
さいたま,134,https://minnano-zeirishi.jp/article/134,埼玉県,さいたま市,,,,
川口,135,https://minnano-zeirishi.jp/article/135,埼玉県,川口市,,,,
川越,136,https://minnano-zeirishi.jp/article/136,埼玉県,川越市,,,,
所沢,137,https://minnano-zeirishi.jp/article/137,埼玉県,所沢市,,,,
越谷,138,https://minnano-zeirishi.jp/article/138,埼玉県,越谷市,,,,
春日部,139,https://minnano-zeirishi.jp/article/139,埼玉県,春日部市,,,,
熊谷,140,https://minnano-zeirishi.jp/article/140,埼玉県,熊谷市,,,,
上尾,141,https://minnano-zeirishi.jp/article/141,埼玉県,上尾市,,,,
草加,142,https://minnano-zeirishi.jp/article/142,埼玉県,草加市,,,,
久喜,143,https://minnano-zeirishi.jp/article/143,埼玉県,久喜市,,,,
蕨,144,https://minnano-zeirishi.jp/article/144,埼玉県,蕨市,,,,
戸田,145,https://minnano-zeirishi.jp/article/145,埼玉県,戸田市,,,,
鴻巣,146,https://minnano-zeirishi.jp/article/146,埼玉県,鴻巣市,,,,
ふじみ野,147,https://minnano-zeirishi.jp/article/147,埼玉県,ふじみ野市,,,,
三郷,148,https://minnano-zeirishi.jp/article/148,埼玉県,三郷市,,,,
北本,149,https://minnano-zeirishi.jp/article/149,埼玉県,北本市,,,,
桶川,154,https://minnano-zeirishi.jp/article/154,埼玉県,桶川市,,,,
行田,155,https://minnano-zeirishi.jp/article/155,埼玉県,行田市,,,,
幸手,156,https://minnano-zeirishi.jp/article/156,埼玉県,幸手市,,,,
加須,157,https://minnano-zeirishi.jp/article/157,埼玉県,加須市,,,,
八潮,158,https://minnano-zeirishi.jp/article/158,埼玉県,八潮市,,,,
白岡,159,https://minnano-zeirishi.jp/article/159,埼玉県,白岡市,,,,
船橋,160,https://minnano-zeirishi.jp/article/160,千葉県,船橋市,,,,
松戸,161,https://minnano-zeirishi.jp/article/161,千葉県,松戸市,,,,
市川,162,https://minnano-zeirishi.jp/article/162,千葉県,市川市,,,,
柏,163,https://minnano-zeirishi.jp/article/163,千葉県,柏市,,,,
浦安,164,https://minnano-zeirishi.jp/article/164,千葉県,浦安市,,,,
成田,165,https://minnano-zeirishi.jp/article/165,千葉県,成田市,,,,
四街道,166,https://minnano-zeirishi.jp/article/166,千葉県,四街道市,,,,
宇都宮,167,https://minnano-zeirishi.jp/article/167,栃木県,宇都宮市,,,,
水戸,168,https://minnano-zeirishi.jp/article/168,茨城県,水戸市,,,,
つくば,169,https://minnano-zeirishi.jp/article/169,茨城県,つくば市,,,,
高崎,170,https://minnano-zeirishi.jp/article/170,群馬県,高崎市,,,,
前橋,171,https://minnano-zeirishi.jp/article/171,群馬県,前橋市,,,,
太田,172,https://minnano-zeirishi.jp/article/172,群馬県,太田市,,,,
堺,174,https://minnano-zeirishi.jp/article/173,大阪府,堺市,,,,
東大阪,175,https://minnano-zeirishi.jp/article/174,大阪府,東大阪市,,,,
枚方,176,https://minnano-zeirishi.jp/article/175,大阪府,枚方市,,,,
豊中,177,https://minnano-zeirishi.jp/article/176,大阪府,豊中市,,,,
吹田,178,https://minnano-zeirishi.jp/article/177,大阪府,吹田市,,,,
高槻,179,https://minnano-zeirishi.jp/article/178,大阪府,高槻市,,,,
茨木,180,https://minnano-zeirishi.jp/article/179,大阪府,茨木市,,,,
八尾,181,https://minnano-zeirishi.jp/article/180,大阪府,八尾市,,,,
岸和田,182,https://minnano-zeirishi.jp/article/181,大阪府,岸和田市,,,,
四日市,183,https://minnano-zeirishi.jp/article/182,三重県,四日市市,,,,
草津,184,https://minnano-zeirishi.jp/article/183,滋賀県,草津市,,,,
宇治,185,https://minnano-zeirishi.jp/article/184,京都府,宇治市,,,,
神戸,43,https://minnano-zeirishi.jp/article/185,兵庫県,神戸市,,,,
西宮,186,https://minnano-zeirishi.jp/article/186,兵庫県,西宮市,,,,
姫路,187,https://minnano-zeirishi.jp/article/187,兵庫県,姫路市,,,,
尼崎,188,https://minnano-zeirishi.jp/article/188,兵庫県,尼崎市,,,,
明石,192,https://minnano-zeirishi.jp/article/189,兵庫県,明石市,,,,
加古川,189,https://minnano-zeirishi.jp/article/190,兵庫県,加古川市,,,,
芦屋,190,https://minnano-zeirishi.jp/article/191,兵庫県,芦屋市,,,,
伊丹,191,https://minnano-zeirishi.jp/article/192,兵庫県,伊丹市,,,,
札幌,20,https://minnano-zeirishi.jp/article/193,北海道,札幌市,,https://minnano-zeirishi.jp/article/19,,
旭川,193,https://minnano-zeirishi.jp/article/194,北海道,旭川市,,https://minnano-zeirishi.jp/article/19,,
函館,194,https://minnano-zeirishi.jp/article/195,北海道,函館市,,https://minnano-zeirishi.jp/article/19,,
帯広,195,https://minnano-zeirishi.jp/article/196,北海道,帯広市,,https://minnano-zeirishi.jp/article/19,,
釧路,196,https://minnano-zeirishi.jp/article/197,北海道,釧路市,,https://minnano-zeirishi.jp/article/19,,
苫小牧,197,https://minnano-zeirishi.jp/article/198,北海道,苫小牧市,,https://minnano-zeirishi.jp/article/19,,
仙台,22,https://minnano-zeirishi.jp/article/199,宮城県,仙台市,,,,
いわき,198,https://minnano-zeirishi.jp/article/200,福島県,いわき市,,,,
盛岡,199,https://minnano-zeirishi.jp/article/201,岩手県,盛岡市,,,,
金沢,200,https://minnano-zeirishi.jp/article/202,石川県,金沢市,,,,
大垣,201,https://minnano-zeirishi.jp/article/203,岐阜県,大垣市,,,,
浜松,202,https://minnano-zeirishi.jp/article/204,静岡県,浜松市,,,,
沼津,203,https://minnano-zeirishi.jp/article/205,静岡県,沼津市,,,,
掛川,204,https://minnano-zeirishi.jp/article/206,静岡県,掛川市,,,,
名古屋,78,https://minnano-zeirishi.jp/article/207,愛知県,名古屋市,,,,
豊橋,205,https://minnano-zeirishi.jp/article/208,愛知県,豊橋市,,,,
岡崎,206,https://minnano-zeirishi.jp/article/209,愛知県,岡崎市,,,,
春日井,207,https://minnano-zeirishi.jp/article/210,愛知県,春日井市,,,,
豊田,208,https://minnano-zeirishi.jp/article/211,愛知県,豊田市,,,,
豊川,209,https://minnano-zeirishi.jp/article/212,愛知県,豊川市,,,,
安城,210,https://minnano-zeirishi.jp/article/213,愛知県,安城市,,,,
小牧,211,https://minnano-zeirishi.jp/article/214,愛知県,小牧市,,,,
甲府,212,https://minnano-zeirishi.jp/article/215,山梨県,甲府市,,,,
松本,213,https://minnano-zeirishi.jp/article/216,長野県,松本市,,,,
長岡,214,https://minnano-zeirishi.jp/article/217,新潟県,長岡市,,,,
倉敷,215,https://minnano-zeirishi.jp/article/218,岡山県,倉敷市,,,,
津山,216,https://minnano-zeirishi.jp/article/219,岡山県,津山市,,,,
福山,217,https://minnano-zeirishi.jp/article/220,広島県,福山市,,,,
宇部,218,https://minnano-zeirishi.jp/article/221,山口県,宇部市,,,,
岩国,219,https://minnano-zeirishi.jp/article/222,山口県,岩国市,,,,
防府,220,https://minnano-zeirishi.jp/article/223,山口県,防府市,,,,
高松,221,https://minnano-zeirishi.jp/article/224,香川県,高松市,,,,
松山,228,https://minnano-zeirishi.jp/article/225,愛媛県,松山市,,,,
諫早,,https://minnano-zeirishi.jp/article/226,長崎県,諫早,,,,
北九州市,222,https://minnano-zeirishi.jp/article/227,福岡県,北九州市,,,,
久留米,223,https://minnano-zeirishi.jp/article/228,福岡県,久留米市,,,,
八代,224,https://minnano-zeirishi.jp/article/229,熊本県,八代市,,,,
水俣,225,https://minnano-zeirishi.jp/article/230,熊本県,水俣市,,,,
那覇,226,https://minnano-zeirishi.jp/article/231,沖縄県,那覇市,,,,
宮古島,227,https://minnano-zeirishi.jp/article/232,沖縄県,宮古島市,,,,